Rayhan25#0862,Rip samih
Rayhan25#0862,gime like 5 mins
Rayhan25#0862,finishing spanish
Rayhan25#0862,due at 10;10 lol
Rayhan25#0862,ight dun
Rayhan25#0862,Hi
Rayhan25#0862,"Later, lemme finish the Raskin ring real quick"
Rayhan25#0862,https://go.gale.com/ps/dispBasicSearch.do?userGroupName=washhs&prodId=GVRL
Rayhan25#0862,gale ebooks link
Rayhan25#0862,gud one
Rayhan25#0862,@Garmfellow
Rayhan25#0862,pswd: huskies
Rayhan25#0862,
Rayhan25#0862,joe obama
Rayhan25#0862,cool
Rayhan25#0862,cool
Rayhan25#0862,ok buddy good job
Rayhan25#0862,
Rayhan25#0862,shrey 101 = GOD
Rayhan25#0862,
Rayhan25#0862,"hey @everyone if you don't already know, I am running to be your next Junior Class President. It would be really cool if you could use this zoom background I created for your 4th and 6th period classes. Thanks for the support!"
Rayhan25#0862,
Rayhan25#0862,tharun drippin
Rayhan25#0862,thanks
Rayhan25#0862,its multiple choice?
Rayhan25#0862,lugy
Rayhan25#0862,good job
Rayhan25#0862,Iâ€™ll know by next week probably
Rayhan25#0862,Lmao yes
Rayhan25#0862,u guys are funny
Rayhan25#0862,heyhan also
Rayhan25#0862,stalker on a whole another level
Rayhan25#0862,For what
Rayhan25#0862,shrey so bad
Rayhan25#0862,does it as trino is typing
Rayhan25#0862,
Rayhan25#0862,mr samih
Rayhan25#0862,lmao
Rayhan25#0862,It was when samih rode the bus ðŸ¤Ÿ
Rayhan25#0862,sussy
Rayhan25#0862,
Rayhan25#0862,Someone make an emoji of this
Rayhan25#0862,itâ€™s nathan
Rayhan25#0862,The res is so bad lol
Rayhan25#0862,server looks fire guys
Rayhan25#0862,good stufff!
Rayhan25#0862,idk
Rayhan25#0862,high danger when you get high
Rayhan25#0862,ok fellow
Rayhan25#0862,what does that even mean?
Rayhan25#0862,this guy
Rayhan25#0862,ok says the guy who averages 60% on raskin tests
Rayhan25#0862,its alr buddy
Rayhan25#0862,yes massa
Rayhan25#0862,aye aye
Rayhan25#0862,ok arsg
Rayhan25#0862,arsh
Rayhan25#0862,arsg
Rayhan25#0862,okay nathan
Rayhan25#0862,mad Sus
Rayhan25#0862,why i surpressed
Rayhan25#0862,hriday come back
Rayhan25#0862,we need family role!
Rayhan25#0862,lmao
Rayhan25#0862,salty cuz nathan kicked u
Rayhan25#0862,horny monkey
Rayhan25#0862,What position
Rayhan25#0862,LOL I am too thatâ€™s why
Rayhan25#0862,I might but not rly sure rn
Rayhan25#0862,where did u get details?
Rayhan25#0862,ðŸ”¥
Rayhan25#0862,Thanks charan
Rayhan25#0862,Wait what u goin for charan?
Rayhan25#0862,Oh ok nice
Rayhan25#0862,Iâ€™m deciding btw new member director and fundraising director
Rayhan25#0862,I need to be a director first to run for a vp position right?
Rayhan25#0862,ight
Rayhan25#0862,thanks
Rayhan25#0862,ok
Rayhan25#0862,hriday come to race
Rayhan25#0862,ya u should bre
Rayhan25#0862,"u can still come, vose wont care"
Rayhan25#0862,among us dababy
Rayhan25#0862,ok hriday have fun
Rayhan25#0862,u donâ€™t have an iPhone Nathan Liu
Rayhan25#0862,fat
Rayhan25#0862,uh ok thanks fo kicking me
Rayhan25#0862,bye
Rayhan25#0862,ye ik
Rayhan25#0862,its fine
Rayhan25#0862,i'll join later anyways
Rayhan25#0862,be like
Rayhan25#0862,
Rayhan25#0862,bruh
Rayhan25#0862,when hriday has perms
Rayhan25#0862,?
Rayhan25#0862,no i have reg english
Rayhan25#0862,bruh
Rayhan25#0862,razer out here
Rayhan25#0862,https://tenor.com/view/razer-change-color-razer-logo-rgb-chroma-gif-17372684
Rayhan25#0862,
Rayhan25#0862,the last airbender
Rayhan25#0862,when the impostor is Sus
Rayhan25#0862,so
Rayhan25#0862,many
Rayhan25#0862,reactions
Rayhan25#0862,hriday: we do a lil trolling
Rayhan25#0862,no fkin idea
Rayhan25#0862,ugh wardell
Rayhan25#0862,lmao rly?
Rayhan25#0862,thaz kool
Rayhan25#0862,https://tenor.com/view/allah-big-chungus-godzilla-epic-gamer-moment-gif-18571435
Rayhan25#0862,red switches are dog water
Rayhan25#0862,get something tactile like brown
Rayhan25#0862,"I think most razer keyboards come like that, I also watched that video. the process seems easy, but time consuming"
Rayhan25#0862,i wanted to send that
Rayhan25#0862,nope not the huntsman mini
Rayhan25#0862,^ ya sure
Rayhan25#0862,omg dishwasher u gotta calm down monkey
Rayhan25#0862,ye... like adish
Rayhan25#0862,K
Rayhan25#0862,Then
Rayhan25#0862,who highlights great depression in green
Rayhan25#0862,its an event buddy
Rayhan25#0862,nice
Rayhan25#0862,k
Rayhan25#0862,get good
Rayhan25#0862,its not a date
Rayhan25#0862,ye i wont get a date with a guy like you
Rayhan25#0862,"homosexual, stop wasting your time...\"
Rayhan25#0862,its something raskin said in class today
Rayhan25#0862,u woudnt know cuz u dont pay attention ðŸ¤¡
Rayhan25#0862,u cant open
Rayhan25#0862,perm abuser right here
Rayhan25#0862,playing val alone depression
Rayhan25#0862,its like a chinese amazon
Rayhan25#0862,they have these feker switches that look exactly like holy pandas
Rayhan25#0862,lol thats how i found them
Rayhan25#0862,ikr but im gud with browns
Rayhan25#0862,Iâ€™m on my phone but sure
Rayhan25#0862,athish got it
Rayhan25#0862,yep
Rayhan25#0862,np
Rayhan25#0862,hi
Rayhan25#0862,I can play like at 2:30
Rayhan25#0862,bet
Rayhan25#0862,"ok cool, thanks rhea"
Rayhan25#0862,lmao
Rayhan25#0862,sheee
Rayhan25#0862,ask ur officers
Rayhan25#0862,im just a character hehe
Rayhan25#0862,thats how @Garmfellow opens a box of donuts guys
Rayhan25#0862,fatty
Rayhan25#0862,i mean skinny
Rayhan25#0862,byethan:)
Rayhan25#0862,omg shrey
Rayhan25#0862,ya u walk in and take the test
Rayhan25#0862,"Iâ€™m still doing the drivers ed course, but my brother got his a couple months ago"
Rayhan25#0862,trino... that's what she said
Rayhan25#0862,nope math test
Rayhan25#0862,k bud whatchu doin
Rayhan25#0862,actually im doing boom cards rn
Rayhan25#0862,hehe thanks justen
Rayhan25#0862,"it was a joke, trino kept saying twss to every message I typed"
Rayhan25#0862,what do u want
Rayhan25#0862,ok buddy
Rayhan25#0862,twss
Rayhan25#0862,air tag
Rayhan25#0862,its liek tile
Rayhan25#0862,tracker
Rayhan25#0862,
Rayhan25#0862,
Rayhan25#0862,
Rayhan25#0862,i have 16:):(
Rayhan25#0862,oh i see
Rayhan25#0862,sussy
Rayhan25#0862,impostor
Rayhan25#0862,hriday fast
Rayhan25#0862,akshay moment
Rayhan25#0862,sus nathan
Rayhan25#0862,fr
Rayhan25#0862,great hypothesis Hriday:)
Rayhan25#0862,ya she's sending certificates to our houses
Rayhan25#0862,but we could have just private messaged her
Rayhan25#0862,mhm
Rayhan25#0862,her brain pwr lmao
Rayhan25#0862,its always been
Rayhan25#0862,its on google sheets
Rayhan25#0862,u can also see the people addresses from other cte courses
Rayhan25#0862,so sketch bre
Rayhan25#0862,ya hriday
Rayhan25#0862,hes gonna come to our houses and sell us weed
Rayhan25#0862,always high af
Rayhan25#0862,sussy boy
Rayhan25#0862,u dont say that if u dont have it
Rayhan25#0862,
Rayhan25#0862,screenshotted
Rayhan25#0862,ayyy
Rayhan25#0862,big brains think alike:)
Rayhan25#0862,Hello Ohlone
Rayhan25#0862,ay but hriday got the powder
Rayhan25#0862,watch out guys
Rayhan25#0862,ok
Rayhan25#0862,fun
Rayhan25#0862,na hes gonna get a football scholarship
Rayhan25#0862,full scholarship
Rayhan25#0862,
Rayhan25#0862,ayo guys
Rayhan25#0862,hriday getting emotional
Rayhan25#0862,fr
Rayhan25#0862,great acting
Rayhan25#0862,oh yaaaa
Rayhan25#0862,black and white post
Rayhan25#0862,for india
Rayhan25#0862,hriday
Rayhan25#0862,yes
Rayhan25#0862,bc heâ€™s special
Rayhan25#0862,fr
Rayhan25#0862,sheesh
Rayhan25#0862,no idea
Rayhan25#0862,
Rayhan25#0862,he said poriyal has to have coconut
Rayhan25#0862,but i think i've only had coconut for like coconut chutney
Rayhan25#0862,lmao he left
Rayhan25#0862,sheesh
Rayhan25#0862,good one
Rayhan25#0862,"'cmon ewers, you know curry has to be in a liquid form'"
Rayhan25#0862,bro i got hacked on twitter
Rayhan25#0862,nice job @Versailles telling everyone
Rayhan25#0862,stop
Rayhan25#0862,ya u wish i said that
Rayhan25#0862,"i got hacked, told you like 5 times"
Rayhan25#0862,"k i deactivated my act, so hopefully i dont get tweets like that"
Rayhan25#0862,
Rayhan25#0862,"trino i really dont care anymore, i know what i did and didn't do on my twitter account"
Rayhan25#0862,hey tharun^
Rayhan25#0862,sad
Rayhan25#0862,thanks tharun for saying it
Rayhan25#0862,@Versailles @Bulgarian Hermit just stop
Rayhan25#0862,"ur an awkward autocrat, thats y"
Rayhan25#0862,
Rayhan25#0862,your computer has virus
Rayhan25#0862,among us dead
Rayhan25#0862,
Rayhan25#0862,hey look its akshotty and samsilly
Rayhan25#0862,they won 2-0
Rayhan25#0862,logan's jv team looked alr
Rayhan25#0862,bro fr
Rayhan25#0862,yes ^
Rayhan25#0862,"there was this one tall black guy on jv, he was prob the best"
Rayhan25#0862,"bruh, Hriday watches anime?"
Rayhan25#0862,no way
Rayhan25#0862,thats good
Rayhan25#0862,glad u like anime
Rayhan25#0862,i just watch haikyu LOL
Rayhan25#0862,i used to watch attack on titans like 2 years ago
Rayhan25#0862,but that died on me pretty quickly
Rayhan25#0862,lmaoooo
Rayhan25#0862,yessir
Rayhan25#0862,but he wont win all 3
Rayhan25#0862,they wont let him
Rayhan25#0862,
Rayhan25#0862,MAY THE FOURTH BE WITH YOU:)))
Rayhan25#0862,LOL ewers moment
Rayhan25#0862,
Rayhan25#0862,@ThamThilly
Rayhan25#0862,
Rayhan25#0862,shrey got me:)
Rayhan25#0862,we do a little trolling
Rayhan25#0862,its 4:15 for me @ThamThilly
Rayhan25#0862,wat do u want
Rayhan25#0862,thats cool
Rayhan25#0862,gj nathan
Rayhan25#0862,ya tharun
Rayhan25#0862,aye aye
Rayhan25#0862,robotics stuff
Rayhan25#0862,funi stuff
Rayhan25#0862,twss shrey
Rayhan25#0862,twss hriday
Rayhan25#0862,jk ik i was late
Rayhan25#0862,bruh
Rayhan25#0862,"ya shrey, hriday said u were late"
Rayhan25#0862,epic embed fail
Rayhan25#0862,u cant put gifs in gerneral
Rayhan25#0862,ok buddy
Rayhan25#0862,certified ok buddy
Rayhan25#0862,LOL
Rayhan25#0862,SUS
Rayhan25#0862,they're together alr
Rayhan25#0862,what how
Rayhan25#0862,no wonder u listen to anime music
Rayhan25#0862,u troll
Rayhan25#0862,anime music is kinda bad ngl
Rayhan25#0862,@PackerRhino18
Rayhan25#0862,shrey down bad
Rayhan25#0862,bro why would u ask that
Rayhan25#0862,thats pegasus megasus
Rayhan25#0862,ok sorry you two
Rayhan25#0862,"""we're"""
Rayhan25#0862,exposed:(
Rayhan25#0862,what did u guys do
Rayhan25#0862,lmao
Rayhan25#0862,k bye
Rayhan25#0862,thats what she said
Rayhan25#0862,no more fortnite
Rayhan25#0862,twss
Rayhan25#0862,twss
Rayhan25#0862,k bye
Rayhan25#0862,hi
Rayhan25#0862,that wasnt good at all shrey
Rayhan25#0862,LOL fun
Rayhan25#0862,thats lit
Rayhan25#0862,good stuff
Rayhan25#0862,bc we print a lot of shit
Rayhan25#0862,and we spend a lot of time waiting for the printed parts
Rayhan25#0862,ya that was mad cringe
Rayhan25#0862,bro his whole channel is cringe
Rayhan25#0862,ok i wont
Rayhan25#0862,im losing brain cells
Rayhan25#0862,"basically if you have gotten the vaccine and are comfortable to go to school by August, then you go"
Rayhan25#0862,"the people that think the ""vaccine is fake"" and feel unsafe will stay home"
Rayhan25#0862,but imma prob stay home if i have the choice:)
Rayhan25#0862,ya fr
Rayhan25#0862,twss
Rayhan25#0862,ya LOL
Rayhan25#0862,its weird
Rayhan25#0862,bc u guys were shit talking abt me and making pokemon cards:)
Rayhan25#0862,makes sense
Rayhan25#0862,u say the n word on ur interview
Rayhan25#0862,we know
Rayhan25#0862,just get good grades
Rayhan25#0862,he applied shrey
Rayhan25#0862,hriday wants to play professional baseball:)
Rayhan25#0862,?
Rayhan25#0862,join wat
Rayhan25#0862,coding is boring
Rayhan25#0862,talk to trinidad
Rayhan25#0862,lmao funi
Rayhan25#0862,tharun is gonna be a twitch streamer
Rayhan25#0862,k
Rayhan25#0862,"hey Tharun, you should apply if you are interested"
Rayhan25#0862,apply
Rayhan25#0862,"no worries, you have till june, but dont forget"
Rayhan25#0862,do outreah
Rayhan25#0862,funi
Rayhan25#0862,"well, you gotta start somewhere"
Rayhan25#0862,u should do hardware tharun
Rayhan25#0862,coding takes years to master
Rayhan25#0862,it does
Rayhan25#0862,"rhea is cracked at debate, so i think she should be a lawyer"
Rayhan25#0862,bro me n akshat didnt have a change of doing debate
Rayhan25#0862,ok bye
Rayhan25#0862,time to start my hw
Rayhan25#0862,na i just gotta study
Rayhan25#0862,finished hw alr
Rayhan25#0862,for an hour:)
Rayhan25#0862,u guys type too much
Rayhan25#0862,holy
Rayhan25#0862,95 messages in 8 minutes
Rayhan25#0862,Monkey Type >>
Rayhan25#0862,ya
Rayhan25#0862,no u just dont understand it
Rayhan25#0862,nicu
Rayhan25#0862,wait ramanathan for waht?
Rayhan25#0862,i cant say ur name:)
Rayhan25#0862,https://docs.google.com/forms/d/e/1FAIpQLSehuRbda_VncSIAT4-ZYPS1sKtwOd8QwFWJx9aibprZMgACgA/viewform
Rayhan25#0862,@Fire
Rayhan25#0862,@RamenTuber can you add explanations for your six series
Rayhan25#0862,ya sure
Rayhan25#0862,right below it
Rayhan25#0862,im writing explanations for the first one
Rayhan25#0862,@Garmfellow @PackerRhino18 Peace of Westphalia â†’ French Wars (18th Century)
Rayhan25#0862,someone explain this
Rayhan25#0862,or @pluto can you explain that pls
Rayhan25#0862,ya bc u came like 30 mins late
Rayhan25#0862,hi
Rayhan25#0862,wtf
Rayhan25#0862,cat?
Rayhan25#0862,hi
Rayhan25#0862,thanks
Rayhan25#0862,yep
Rayhan25#0862,im not crew dw
Rayhan25#0862,sad
Rayhan25#0862,oh tharun gone
Rayhan25#0862,no thoughts
Rayhan25#0862,why would i think of her:)
Rayhan25#0862,its kids 4 kids GC
Rayhan25#0862,hello tharun
Rayhan25#0862,i thought u slept
Rayhan25#0862,fr
Rayhan25#0862,lmao
Rayhan25#0862,good ones
Rayhan25#0862,i like the tharun and samih earape one
Rayhan25#0862,"samih, make one of me: where you guys keep changing my nickname, and i always change it back:)"
Rayhan25#0862,over what
Rayhan25#0862,shrey being sus to hriday
Rayhan25#0862,samih
Rayhan25#0862,send
Rayhan25#0862,i wanted to see it
Rayhan25#0862,oh this shit
Rayhan25#0862,ban
Rayhan25#0862,"yo i got flamed so hard by shrey for sleeping in my chair, and then this guy ditches us to play tennis"
Rayhan25#0862,@pluto
Rayhan25#0862,
Rayhan25#0862,me
Rayhan25#0862,"i got 19:30, and i got 24 last yr"
Rayhan25#0862,shrey?
Rayhan25#0862,"show me, u didnt even time it"
Rayhan25#0862,loser:)
Rayhan25#0862,no proof
Rayhan25#0862,"""aw man, i have too many classes that my parents put me in. sorry i cant run guys."""
Rayhan25#0862,ur one to talk bre
Rayhan25#0862,ya nvm this was a waste of time
Rayhan25#0862,ok Î”nd?
Rayhan25#0862,?
Rayhan25#0862,not u
Rayhan25#0862,go to sleep then
Rayhan25#0862,higher than ur mom
Rayhan25#0862,sure
Rayhan25#0862,
Rayhan25#0862,ur bad
Rayhan25#0862,"jk, thats still good"
Rayhan25#0862,
Rayhan25#0862,look at my wonderful grades
Rayhan25#0862,troll
Rayhan25#0862,u think i would inspect each grade?
Rayhan25#0862,shrey wtf do u have in euro?
Rayhan25#0862,smartass
Rayhan25#0862,how?
Rayhan25#0862,i like how we're all flexing our grades
Rayhan25#0862,funi
Rayhan25#0862,bro my counselor didnt let me LOL
Rayhan25#0862,ur worse than me so it woudn't matter anyways:)
Rayhan25#0862,hey i dont bottom frag every time
Rayhan25#0862,
Rayhan25#0862,idc bottom frag
Rayhan25#0862,2
Rayhan25#0862,out of like 20
Rayhan25#0862,capa
Rayhan25#0862,just like rank
Rayhan25#0862,"u cant play, pls"
Rayhan25#0862,jk guys love the homies
Rayhan25#0862,ok trinidad ðŸ™‡â€â™‚ï¸
Rayhan25#0862,"ok, if u want to"
Rayhan25#0862,u gud?
Rayhan25#0862,to get a better grade than u
Rayhan25#0862,ofc
Rayhan25#0862,ikr
Rayhan25#0862,ok shrey i'll try to get on at 3 or later
Rayhan25#0862,ok
Rayhan25#0862,ok bye
Rayhan25#0862,defaulted
Rayhan25#0862,monðŸ”‘
Rayhan25#0862,hi
Rayhan25#0862,did you finish the certification?
Rayhan25#0862,ight
Rayhan25#0862,"most of the questions were on quizlet, so if you dont know something just look for that"
Rayhan25#0862,i kinda gave up looking after 50 qs tho
Rayhan25#0862,oh ok
Rayhan25#0862,leme check
Rayhan25#0862,
Rayhan25#0862,i got 84
Rayhan25#0862,class is so free
Rayhan25#0862,43:(
Rayhan25#0862,horribly bad
Rayhan25#0862,90%
Rayhan25#0862,43/48
Rayhan25#0862,oh god
Rayhan25#0862,the other one I did worse
Rayhan25#0862,got 80%
Rayhan25#0862,twss
Rayhan25#0862,89.5:(
Rayhan25#0862,was it not yesterday?
Rayhan25#0862,ðŸ¤¡
Rayhan25#0862,did I say it mine was higher today?
Rayhan25#0862,nice comeback buddy
Rayhan25#0862,twss
Rayhan25#0862,Wsp
Rayhan25#0862,k
Rayhan25#0862,bro why the subscribe part
Rayhan25#0862,brain
Rayhan25#0862,power
Rayhan25#0862,"u can dm nathan alone, especially if its a private convo"
Rayhan25#0862,ew
Rayhan25#0862,that was good
Rayhan25#0862,twss
Rayhan25#0862,bro?
Rayhan25#0862,when she the only active girl
Rayhan25#0862,ye ye
Rayhan25#0862,t w s s
Rayhan25#0862,LOL fun
Rayhan25#0862,
Rayhan25#0862,indian peasant*
Rayhan25#0862,not from siberia
Rayhan25#0862,susy
Rayhan25#0862,india
Rayhan25#0862,south
Rayhan25#0862,fr
Rayhan25#0862,good luk with tha
Rayhan25#0862,t w s s
Rayhan25#0862,nice
Rayhan25#0862,t w s s
Rayhan25#0862,t w s s
Rayhan25#0862,ok i also need to start chem
Rayhan25#0862,t w s s
Rayhan25#0862,6/9
Rayhan25#0862,hriday moment
Rayhan25#0862,u have to turn off lights so ur parents think u went to sleep
Rayhan25#0862,like b4
Rayhan25#0862,ur mad
Rayhan25#0862,lmao
Rayhan25#0862,he he hriday trolliing
Rayhan25#0862,like the epic battle btw shrey and hriday
Rayhan25#0862,na i dont unfortunately
Rayhan25#0862,ah k buddy
Rayhan25#0862,valorant >>
Rayhan25#0862,pav bhaji
Rayhan25#0862,ok a nd?
Rayhan25#0862,hello
Rayhan25#0862,lets go
Rayhan25#0862,im doing chem too
Rayhan25#0862,
Rayhan25#0862,we got a new impostor among us
Rayhan25#0862,keeps getting better @ThamThilly
Rayhan25#0862,
Rayhan25#0862,wtf samih?
Rayhan25#0862,without the hashtag and subsribe makes it 10x better
Rayhan25#0862,"physics is mad hard, ap chem and apush concepts are easier to learn imo"
Rayhan25#0862,"ya ig ur right, workload is a lot"
Rayhan25#0862,Sussy kids
Rayhan25#0862,ya sure
Rayhan25#0862,https://youtu.be/8qZKoUfr-sg
Rayhan25#0862,this is too funny
Rayhan25#0862,featuring shrey
Rayhan25#0862,good one hriday
Rayhan25#0862,u did:)
Rayhan25#0862,oh no
Rayhan25#0862,twss
Rayhan25#0862,na rhea did
Rayhan25#0862,sad
Rayhan25#0862,sheesh
Rayhan25#0862,dont disrespect sam dabby
Rayhan25#0862,:angy:
Rayhan25#0862,twss
Rayhan25#0862,no
Rayhan25#0862,its not black
Rayhan25#0862,its indian
Rayhan25#0862,south indian*
Rayhan25#0862,na it means LOL for me bc the guy looks funny
Rayhan25#0862,?
Rayhan25#0862,how did u make that conclusion?
Rayhan25#0862,tf?
Rayhan25#0862,this is sus
Rayhan25#0862,samy
Rayhan25#0862,susy
Rayhan25#0862,#lilsamih
Rayhan25#0862,twss
Rayhan25#0862,lmao
Rayhan25#0862,
Rayhan25#0862,10/10 for trinidad hellman
Rayhan25#0862,"trino here, aired"
Rayhan25#0862,twss
Rayhan25#0862,the bungle server
Rayhan25#0862,ya check dms
Rayhan25#0862,twss
Rayhan25#0862,ya i do
Rayhan25#0862,that was funny
Rayhan25#0862,yes i remember
Rayhan25#0862,LOL
Rayhan25#0862,ngl akshat was hella anti-social when he came to whs
Rayhan25#0862,cuz he only knew me which was sad
Rayhan25#0862,LOl
Rayhan25#0862,accurate
Rayhan25#0862,i did
Rayhan25#0862,tharun nation...
Rayhan25#0862,bro that was fun
Rayhan25#0862,remember the epic battle btw tharun and shrey
Rayhan25#0862,shrey got pounced
Rayhan25#0862,i remember tharun just sat on shrey and shrey coudnt do anything LMAO
Rayhan25#0862,dumb
Rayhan25#0862,LOL
Rayhan25#0862,bro hes smaller than me
Rayhan25#0862,thats like impossible
Rayhan25#0862,sounds like shubham sogani
Rayhan25#0862,except
Rayhan25#0862,aw that must have sucked
Rayhan25#0862,twss:)
Rayhan25#0862,"imma stop with twss, its annoyinh for me"
Rayhan25#0862,bro shree
Rayhan25#0862,got so mad
Rayhan25#0862,she went and snitched to reynolds
Rayhan25#0862,said we didnt do work
Rayhan25#0862,i mean she was right tho
Rayhan25#0862,fr
Rayhan25#0862,and asked for money
Rayhan25#0862,broke boi
Rayhan25#0862,rhea entered the chat
Rayhan25#0862,all the smart ppl got olson
Rayhan25#0862,not fair
Rayhan25#0862,lmao
Rayhan25#0862,what
Rayhan25#0862,nice
Rayhan25#0862,yep
Rayhan25#0862,the moment you realize he fked up
Rayhan25#0862,bro ya
Rayhan25#0862,i thought rhea was goodie goodie
Rayhan25#0862,"bro in 7th grade, rhea carried our history class"
Rayhan25#0862,begher
Rayhan25#0862,booger
Rayhan25#0862,yep
Rayhan25#0862,all the ghetto kids
Rayhan25#0862,in one class
Rayhan25#0862,"ya me n akshat kinda got raped in debate, so we just quit"
Rayhan25#0862,les go
Rayhan25#0862,oh that was for ur message
Rayhan25#0862,the les go
Rayhan25#0862,"ayo, hows everyones studying goin"
Rayhan25#0862,nice
Rayhan25#0862,i feel better
Rayhan25#0862,imma say 6 APs
Rayhan25#0862,wtf
Rayhan25#0862,rahul is doing ap sp
Rayhan25#0862,what a baller
Rayhan25#0862,like pavi baller
Rayhan25#0862,k good
Rayhan25#0862,u cant
Rayhan25#0862,they dont allow summer credits
Rayhan25#0862,omfg
Rayhan25#0862,was that nathan?
Rayhan25#0862,voice
Rayhan25#0862,"bro rhea, ur face is deforming"
Rayhan25#0862,so cringe
Rayhan25#0862,web design
Rayhan25#0862,ezpz
Rayhan25#0862,are u doin apush rhea?
Rayhan25#0862,okie
Rayhan25#0862,samih is cracked
Rayhan25#0862,no one mess with him
Rayhan25#0862,samih MIT grind
Rayhan25#0862,shrey
Rayhan25#0862,im excited for college
Rayhan25#0862,thank you for your service
Rayhan25#0862,trino based
Rayhan25#0862,"Hriday what does ur username mean, its hurting my brain"
Rayhan25#0862,?
Rayhan25#0862,bro?
Rayhan25#0862,nathan will major in valorant gaming
Rayhan25#0862,ya its cuz im based
Rayhan25#0862,#lilray
Rayhan25#0862,imma be a young CEO
Rayhan25#0862,#lilray
Rayhan25#0862,wtf man
Rayhan25#0862,it was good
Rayhan25#0862,hriday on that grind
Rayhan25#0862,LMAO varunlol
Rayhan25#0862,F
Rayhan25#0862,"samih, it keeps getting better"
Rayhan25#0862,
Rayhan25#0862,shrey slang
Rayhan25#0862,ew
Rayhan25#0862,ðŸ˜¢
Rayhan25#0862,sus
Rayhan25#0862,Da Boys:)
Rayhan25#0862,ok fat
Rayhan25#0862,shrey moment
Rayhan25#0862,UNSUBSCRIBE?
Rayhan25#0862,:sadge:
Rayhan25#0862,depression looks like
Rayhan25#0862,yessir
Rayhan25#0862,dubai is a strange place to visit
Rayhan25#0862,bruh thats not burj khalifa
Rayhan25#0862,oh
Rayhan25#0862,ok
Rayhan25#0862,lmao
Rayhan25#0862,na hes a proud american
Rayhan25#0862,born and brought up
Rayhan25#0862,"ur illiterate anyways, cant spell shit right half of the time:)"
Rayhan25#0862,and all you write is shit
Rayhan25#0862,the semester isnt over buddy
Rayhan25#0862,89.5:)
Rayhan25#0862,i threw on the final
Rayhan25#0862,ya proj will carry me
Rayhan25#0862,and i did well on all my notes
Rayhan25#0862,shut ur headass up
Rayhan25#0862,iron 2
Rayhan25#0862,bro u've been in iron for like a month
Rayhan25#0862,trash man
Rayhan25#0862,4 kills
Rayhan25#0862,3 kills
Rayhan25#0862,cap
Rayhan25#0862,complete cap
Rayhan25#0862,never goes positive
Rayhan25#0862,u still lost?
Rayhan25#0862,holy shit ur bad
Rayhan25#0862,leme guess that was a loss too?
Rayhan25#0862,this guy covered it
Rayhan25#0862,ok buddy
Rayhan25#0862,"shrey, im kidding man"
Rayhan25#0862,ur cracked
Rayhan25#0862,???
Rayhan25#0862,i lsitened to that yesterday
Rayhan25#0862,fire
Rayhan25#0862,flight sim
Rayhan25#0862,isnt it like $90?
Rayhan25#0862,he alr did
Rayhan25#0862,@Bulgarian Hermit
Rayhan25#0862,its gone
Rayhan25#0862,it looks like a ballot
Rayhan25#0862,sheesh
Rayhan25#0862,:rheaonwheels:
Rayhan25#0862,
Rayhan25#0862,LMAO
Rayhan25#0862,u just hover over nathans live
Rayhan25#0862,"""mystery"""
Rayhan25#0862,this is too funny
Rayhan25#0862,?
Rayhan25#0862,i saw that LMAO
Rayhan25#0862,#shitwesay
Rayhan25#0862,oops i misclicked
Rayhan25#0862,LOL
Rayhan25#0862,omg
Rayhan25#0862,bruh
Rayhan25#0862,its a youtube link
Rayhan25#0862,bruh
Rayhan25#0862,
Rayhan25#0862,LMAO
Rayhan25#0862,bomb?
Rayhan25#0862,obomba
Rayhan25#0862,bro
Rayhan25#0862,are you hiding a grenade?
Rayhan25#0862,like a panjab?
Rayhan25#0862,LMAO
Rayhan25#0862,akshat remember what we were talking abt
Rayhan25#0862,land mines and grenades
Rayhan25#0862,drippin
Rayhan25#0862,how to defuse?
Rayhan25#0862,lmao
Rayhan25#0862,bomba?
Rayhan25#0862,spike planted a
Rayhan25#0862,hello
Rayhan25#0862,sheesh
Rayhan25#0862,ya im throwing
Rayhan25#0862,shock dart
Rayhan25#0862,tharun got us with his op
Rayhan25#0862,SUS
Rayhan25#0862,bruh
Rayhan25#0862,"Tharun should defuse spike, bc hes clutch"
Rayhan25#0862,THARUN THROWER
Rayhan25#0862,BRUH
Rayhan25#0862,wrong chat boys
Rayhan25#0862,SUS
Rayhan25#0862,wtf
Rayhan25#0862,ok buddy
Rayhan25#0862,vandal >>
Rayhan25#0862,LMAO
Rayhan25#0862,ya
Rayhan25#0862,sheesh
Rayhan25#0862,ewers moment
Rayhan25#0862,
Rayhan25#0862,oh no
Rayhan25#0862,hey ur right
Rayhan25#0862,but hes also 20 ft
Rayhan25#0862,tall
Rayhan25#0862,
Rayhan25#0862,ya he does
Rayhan25#0862,reported
Rayhan25#0862,watch out nathan r liu
Rayhan25#0862,why do you have so many pic of nathan
Rayhan25#0862,
Rayhan25#0862,thats pretty sus Hriday
Rayhan25#0862,deformed
Rayhan25#0862,gone bad
Rayhan25#0862,it does
Rayhan25#0862,
Rayhan25#0862,boom
Rayhan25#0862,dont do that shrey
Rayhan25#0862,
Rayhan25#0862,
Rayhan25#0862,5 upvotes
Rayhan25#0862,
Rayhan25#0862,bro you look like a stewardess
Rayhan25#0862,ðŸ‘© âœˆï¸
Rayhan25#0862,what hapn to @ThamThilly
Rayhan25#0862,wha?
Rayhan25#0862,
Rayhan25#0862,F
Rayhan25#0862,"@pluto tharun, what are these roles?"
Rayhan25#0862,i confused
Rayhan25#0862,restore order?
Rayhan25#0862,fun
Rayhan25#0862,LOL
Rayhan25#0862,
Rayhan25#0862,gaying pc moment:)
Rayhan25#0862,bruh
Rayhan25#0862,Iâ€™m 5â€™5â€ and 130 pounds
Rayhan25#0862,ok
Rayhan25#0862,I am
Rayhan25#0862,Iâ€™ll show proof
Rayhan25#0862,later tho
Rayhan25#0862,ur mad
Rayhan25#0862,"LOL, not by that much"
Rayhan25#0862,thatâ€™s ðŸ”¥
Rayhan25#0862,my bodyguard
Rayhan25#0862,
Rayhan25#0862,ok
Rayhan25#0862,its MOHIT
Rayhan25#0862,bro?
Rayhan25#0862,its Mohit
Rayhan25#0862,i thought u've known him for 10 yrs rhea
Rayhan25#0862,sorry i cant
Rayhan25#0862,u go girl
Rayhan25#0862,rhea
Rayhan25#0862,i pick cotton
Rayhan25#0862,ok
Rayhan25#0862,
Rayhan25#0862,damnit samih
Rayhan25#0862,twss
Rayhan25#0862,twss
Rayhan25#0862,cool
Rayhan25#0862,good one
Rayhan25#0862,what emoji?
Rayhan25#0862,mirrored effect
Rayhan25#0862,have you ever had a dream... where you could... you want... you should...
Rayhan25#0862,
Rayhan25#0862,
Rayhan25#0862,k that was a good one
Rayhan25#0862,
Rayhan25#0862,not good
Rayhan25#0862,fr?
Rayhan25#0862,thats what she said
Rayhan25#0862,yep
Rayhan25#0862,its g
Rayhan25#0862,yep
Rayhan25#0862,and dont delete it
Rayhan25#0862,funi
Rayhan25#0862,bro our ap euro class is so fkin special
Rayhan25#0862,"sure, that would be funi"
Rayhan25#0862,ya ofc u need a camera
Rayhan25#0862,how is raskin gonna see our business attire
Rayhan25#0862,na im kidding it says in the directions to
Rayhan25#0862,thats fire samih
Rayhan25#0862,funi samih
Rayhan25#0862,
Rayhan25#0862,mr bortz
Rayhan25#0862,bro hes a sub for my eng class
Rayhan25#0862,wtf
Rayhan25#0862,nice
Rayhan25#0862,ye ye
Rayhan25#0862,dont wonder
Rayhan25#0862,HAPPY BIRTHDAY @rahul. SUTHAR ðŸ˜Š
Rayhan25#0862,"gobfellow, are you still banned on val?"
Rayhan25#0862,color theme looks fire btw
Rayhan25#0862,"tharun, you should play val with us rn"
Rayhan25#0862,@fatpacito do you wanna play val
Rayhan25#0862,sam
Rayhan25#0862,I call it ðŸ’©
Rayhan25#0862,bro? @PackerRhino18 ???
Rayhan25#0862,thatas pfp
Rayhan25#0862,ya pp means something else:)
Rayhan25#0862,jk ik what u meant Hriday LOL
Rayhan25#0862,topshotta nle choppa
Rayhan25#0862,i am a menace...
Rayhan25#0862,LMAO
Rayhan25#0862,bruh
Rayhan25#0862,fr tho it does
Rayhan25#0862,change asap
Rayhan25#0862,i liked the gradient colors
Rayhan25#0862,like we had b4
Rayhan25#0862,k
Rayhan25#0862,"@pluto can we change awkward autocrats to ""The Lurkers"""
Rayhan25#0862,pls
Rayhan25#0862,that would be funi
Rayhan25#0862,NICE
Rayhan25#0862,stay safe beta
Rayhan25#0862,:teehee:
Rayhan25#0862,LMAO
Rayhan25#0862,tharu
Rayhan25#0862,the lurkers
Rayhan25#0862,ight
Rayhan25#0862,bet
Rayhan25#0862,THANKS
Rayhan25#0862,thats like hella crowded
Rayhan25#0862,ya i also took a stop over at hong kong once
Rayhan25#0862,and also dubai once
Rayhan25#0862,but nobody wheres them
Rayhan25#0862,ya im not thinking straight
Rayhan25#0862,he he
Rayhan25#0862,"im like watching tiktok, doing my presentation, and listening to music"
Rayhan25#0862,and typing
Rayhan25#0862,ya i overdosed again
Rayhan25#0862,sry tharun
Rayhan25#0862,ðŸ³ï¸â€ðŸŒˆ
Rayhan25#0862,i just realized what i said
Rayhan25#0862,"guys, samih does drugs"
Rayhan25#0862,cant imagine
Rayhan25#0862,being gay must suck
Rayhan25#0862,oh ya those are the boys
Rayhan25#0862,to what?
Rayhan25#0862,
Rayhan25#0862,ur just gonna be not straight?
Rayhan25#0862,bro cmon now
Rayhan25#0862,unlike u:)
Rayhan25#0862,actually i woudnt kno
Rayhan25#0862,na im not shrey
Rayhan25#0862,yo im related to Hriday
Rayhan25#0862,les go
Rayhan25#0862,too bad im not ðŸ³ï¸â€ðŸŒˆ
Rayhan25#0862,rhea moment
Rayhan25#0862,LMAO
Rayhan25#0862,he does drugs
Rayhan25#0862,yes
Rayhan25#0862,fuk u akshat
Rayhan25#0862,i didnt get the ss
Rayhan25#0862,akshat valid
Rayhan25#0862,sure
Rayhan25#0862,we lurk
Rayhan25#0862,guys
Rayhan25#0862,rhea valid
Rayhan25#0862,rhea alurkar
Rayhan25#0862,NICE
Rayhan25#0862,
Rayhan25#0862,bro akshat left
Rayhan25#0862,shit
Rayhan25#0862,me too
Rayhan25#0862,we are women
Rayhan25#0862,certified
Rayhan25#0862,twss
Rayhan25#0862,damn
Rayhan25#0862,tharun is valid
Rayhan25#0862,YAY
Rayhan25#0862,akshat
Rayhan25#0862,im undetermined
Rayhan25#0862,
Rayhan25#0862,give akshat roles
Rayhan25#0862,opshat
Rayhan25#0862,HOT
Rayhan25#0862,damnit
Rayhan25#0862,why
Rayhan25#0862,LOL
Rayhan25#0862,tsarhealuvr*
Rayhan25#0862,lmao
Rayhan25#0862,god
Rayhan25#0862,justice for opshat
Rayhan25#0862,alr i gtg
Rayhan25#0862,we know
Rayhan25#0862,u always did
Rayhan25#0862,trinos like 120
Rayhan25#0862,ok
Rayhan25#0862,he didnt get nourished
Rayhan25#0862,that tharun promised you
Rayhan25#0862,oh
Rayhan25#0862,thats tough akshat
Rayhan25#0862,ok
Rayhan25#0862,niles more like
Rayhan25#0862,goated
Rayhan25#0862,"Akshat: ""I thought you were coming out as  ðŸ³ï¸â€ðŸŒˆ ""
Hriday: ""I am as straight as a ruler"""
Rayhan25#0862,its going to be filled with tamales
Rayhan25#0862,
Rayhan25#0862,@rahul. send spanish?
Rayhan25#0862,www.deepl.com
Rayhan25#0862,OMG
Rayhan25#0862,u should show that to madeline ewers
Rayhan25#0862,ig
Rayhan25#0862,a wild one
Rayhan25#0862,nice one samih
Rayhan25#0862,ðŸ”¥ ðŸš€
Rayhan25#0862,ewers calls on me as i join
Rayhan25#0862,thats epik
Rayhan25#0862,shit samih my ears
Rayhan25#0862,bro i thought the music would be calm
Rayhan25#0862,and then the earrape hit
Rayhan25#0862,akshat photo dump?
Rayhan25#0862,les go
Rayhan25#0862,
Rayhan25#0862,wat
Rayhan25#0862,oh that LOL
Rayhan25#0862,oh no
Rayhan25#0862,@Garmfellow come back to Lurkers
Rayhan25#0862,you will always be a Lurker:)
Rayhan25#0862,i want to be pilot
Rayhan25#0862,its really good samdabby
Rayhan25#0862,exactly
Rayhan25#0862,fourthnight
Rayhan25#0862,i'll go to heaven then
Rayhan25#0862,"shit, hes not coming back"
Rayhan25#0862,LAMBO
Rayhan25#0862,thats kinda racist tho
Rayhan25#0862,
Rayhan25#0862,rhea crane???
Rayhan25#0862,wtf man
Rayhan25#0862,this little boy
Rayhan25#0862,like trino
Rayhan25#0862,ok
Rayhan25#0862,tharun so happy
Rayhan25#0862,yo
Rayhan25#0862,watch out guys
Rayhan25#0862,
Rayhan25#0862,ok
Rayhan25#0862,tiny mosey
Rayhan25#0862,@Versailles after he finishes his ap tests
Rayhan25#0862,him dancing
Rayhan25#0862,yo
Rayhan25#0862,les go
Rayhan25#0862,we know
Rayhan25#0862,idk
Rayhan25#0862,LOL
Rayhan25#0862,ok nathan
Rayhan25#0862,sheesh Hriday dripping guys
Rayhan25#0862,ya thats right
Rayhan25#0862,and rhea does not skip leg day
Rayhan25#0862,jk LOL
Rayhan25#0862,im not ur bestie:)
Rayhan25#0862,yes
Rayhan25#0862,"nathan , tharuns gonna kick you again"
Rayhan25#0862,she needs a wo  man
Rayhan25#0862,ok
Rayhan25#0862,SEND
Rayhan25#0862,ASAP rocky
Rayhan25#0862,@Garmfellow did you finish slides?
Rayhan25#0862,same
Rayhan25#0862,shrey moment
Rayhan25#0862,thanks worstie
Rayhan25#0862,actually i wont rly use it
Rayhan25#0862,akshat will tho
Rayhan25#0862,yw
Rayhan25#0862,nathan is flashed like in valorant
Rayhan25#0862,@Bulgarian Hermit
Rayhan25#0862,no more simping
Rayhan25#0862,thanks worstie
Rayhan25#0862,ya bestie is overrated
Rayhan25#0862,when ur mom is banned
Rayhan25#0862,"""it"""
Rayhan25#0862,nvm rhea
Rayhan25#0862,i dont
Rayhan25#0862,BRE
Rayhan25#0862,@PackerRhino18
Rayhan25#0862,ur just gonna let that happen
Rayhan25#0862,only rhea knows
Rayhan25#0862,
Rayhan25#0862,ur mad sus bro
Rayhan25#0862,shrey is flexing
Rayhan25#0862,yep
Rayhan25#0862,worstie*
Rayhan25#0862,ewers
Rayhan25#0862,"he called you da baby, theres a dif"
Rayhan25#0862,what
Rayhan25#0862,k bye
Rayhan25#0862,why is ur phone wet
Rayhan25#0862,oh
Rayhan25#0862,oreos are black and white
Rayhan25#0862,and tasty
Rayhan25#0862,shi thats crazy
Rayhan25#0862,190 till next week might be a stretch but its possible
Rayhan25#0862,gave u an ez q
Rayhan25#0862,yep np
Rayhan25#0862,ay give me an ez q as well:)
Rayhan25#0862,next wed
Rayhan25#0862,MEGA bet
Rayhan25#0862,thanks
Rayhan25#0862,ight
Rayhan25#0862,i'll think over the weekend
Rayhan25#0862,ok
Rayhan25#0862,thats pretty extra tho
Rayhan25#0862,
Rayhan25#0862,ya it does
Rayhan25#0862,thats the one i have:)
Rayhan25#0862,wait wat?
Rayhan25#0862,crackheads
Rayhan25#0862,I remember
Rayhan25#0862,@Versailles usq9ky
Rayhan25#0862,starts at 9:20
Rayhan25#0862,oh ok its fine
Rayhan25#0862,
Rayhan25#0862,raskin house reveal
Rayhan25#0862,LMAO
Rayhan25#0862,LOL
Rayhan25#0862,thats funi
Rayhan25#0862,he looks so happy
Rayhan25#0862,hes like depressed with our class
Rayhan25#0862,MEGA sus
Rayhan25#0862,k
Rayhan25#0862,happy belated birthday tho
Rayhan25#0862,he alr explained
Rayhan25#0862,wsp
Rayhan25#0862,
Rayhan25#0862,i downloaded csgo and apex but havent played yet
Rayhan25#0862,actually i've played apex a little bit
Rayhan25#0862,didnt like it tbh
Rayhan25#0862,the graphics are weird
Rayhan25#0862,ight
Rayhan25#0862,i kinda prefer to play val tho
Rayhan25#0862,ya i need to play more and get better
Rayhan25#0862,he rly is
Rayhan25#0862,i saw the scrims
Rayhan25#0862,hes mad
Rayhan25#0862,jones is mad
Rayhan25#0862,no jones is always mad
Rayhan25#0862,EPIK GAMES
Rayhan25#0862,we were playing Fortnite while our opponents were playing Valorant
Rayhan25#0862,thank you samih!  â¤ï¸
Rayhan25#0862,that knife set is trash
Rayhan25#0862,i was agreeing with u
Rayhan25#0862,"dont stress, 90% of the server here is indian"
Rayhan25#0862,"sure, have fun"
Rayhan25#0862,ðŸ˜ ]
Rayhan25#0862,sure
Rayhan25#0862,nathan has some skins ig
Rayhan25#0862,you just got beamed
Rayhan25#0862,i just want prime vandal so bad:(
Rayhan25#0862,"tharun, u have prime vandal?"
Rayhan25#0862,lucky
Rayhan25#0862,reaver sounds cool but animation isnt the best
Rayhan25#0862,TenZ
Rayhan25#0862,
Rayhan25#0862,he had vball
Rayhan25#0862,must have passed out
Rayhan25#0862,
Rayhan25#0862,funi
Rayhan25#0862,ya we know
Rayhan25#0862,LOL
Rayhan25#0862,no
Rayhan25#0862,THIS IS WHY THEY CALL YOU THE PACKING RHINO
Rayhan25#0862,WE LOVE YOU WORSTIE*
Rayhan25#0862,we
Rayhan25#0862,he bullish
Rayhan25#0862,bears united
Rayhan25#0862,soccer fanboy
Rayhan25#0862,we love you packer rhino
Rayhan25#0862,aye aye
Rayhan25#0862,ya hes cracked
Rayhan25#0862,he got it to change color theme
Rayhan25#0862,relax tsarhea
Rayhan25#0862,bro
Rayhan25#0862,le monke is a sentinel!
Rayhan25#0862,les go
Rayhan25#0862,sen ramentuber???
Rayhan25#0862,BLUE>>>
Rayhan25#0862,ya thats fine
Rayhan25#0862,shes been a lurker for some time
Rayhan25#0862,LOL ye
Rayhan25#0862,yes
Rayhan25#0862,sus time
Rayhan25#0862,bro?
Rayhan25#0862,of what
Rayhan25#0862,
Rayhan25#0862,there you go nathan
Rayhan25#0862,i am one with the lurkers
Rayhan25#0862,damn
Rayhan25#0862,trinos been typing for a while
Rayhan25#0862,les go
Rayhan25#0862,good work
Rayhan25#0862,k imma dip
Rayhan25#0862,good talk
Rayhan25#0862,guys we should make a gif for Hriday
Rayhan25#0862,we got multiple for me
Rayhan25#0862,nvm
Rayhan25#0862,not looking that up
Rayhan25#0862,LOL
Rayhan25#0862,that was funny nathan
Rayhan25#0862,ok
Rayhan25#0862,na u alr have prime ax
Rayhan25#0862,get an op skin
Rayhan25#0862,@ThamThilly did he respond?
Rayhan25#0862,oh i see now
Rayhan25#0862,bro $100 per person??
Rayhan25#0862,holy thats crazy
Rayhan25#0862,"@ThamThilly if he has trouble, try to ask him to send an e-giftcard through our email ids"
Rayhan25#0862,that might be easier than shipping for him
Rayhan25#0862,i thought u said hes shipping through amazon
Rayhan25#0862,^
Rayhan25#0862,ok
Rayhan25#0862,
Rayhan25#0862,ew this purple sucks
Rayhan25#0862,akshat
Rayhan25#0862,alurkar
Rayhan25#0862,thank
Rayhan25#0862,u
Rayhan25#0862,idc at that point
Rayhan25#0862,might as well get a 0
Rayhan25#0862,
Rayhan25#0862,nice
Rayhan25#0862,looks fire
Rayhan25#0862,funi
Rayhan25#0862,he alr does that
Rayhan25#0862,in ap euro
Rayhan25#0862,ya wsp
Rayhan25#0862,i have paypal or venmo
Rayhan25#0862,uh ok
Rayhan25#0862,or we could just split the money and everyone can buy on their own
Rayhan25#0862,instead of buying a egift card
Rayhan25#0862,ok trino
Rayhan25#0862,im not doing that
Rayhan25#0862,LOL
Rayhan25#0862,do your parents have?
Rayhan25#0862,i thought ur mom did right?
Rayhan25#0862,oh LOL
Rayhan25#0862,right
Rayhan25#0862,@ThamThilly if you need it samih (PayPal: rayhanrani25@gmail.com)
Rayhan25#0862,or ask shrey for his
Rayhan25#0862,trino stfu
Rayhan25#0862,u keep saying give me the money
Rayhan25#0862,why
Rayhan25#0862,bruh
Rayhan25#0862,justen?
Rayhan25#0862,
Rayhan25#0862,nice
Rayhan25#0862,ya i did
Rayhan25#0862,reaver vandal
Rayhan25#0862,like $20
Rayhan25#0862,but if the prime somehow comes into my shop within a week then i'll get that
Rayhan25#0862,the white looks realy good
Rayhan25#0862,"ya you buy the gun, then upgrade colors and animationms"
Rayhan25#0862,with radiant coins
Rayhan25#0862,no bc then i cant refund the gun if i want to
Rayhan25#0862,elderflame
Rayhan25#0862,its $25 i think
Rayhan25#0862,for the vandal
Rayhan25#0862,mistyped that
Rayhan25#0862,@fatpacito
Rayhan25#0862,this one looks sick
Rayhan25#0862,
Rayhan25#0862,this is better pic
Rayhan25#0862,fr
Rayhan25#0862,?
Rayhan25#0862,ok
Rayhan25#0862,"@pluto if the prime vandal doesnt come within 7 days, should i just keep reaver?"
Rayhan25#0862,and upgrade it
Rayhan25#0862,true
Rayhan25#0862,ya i'll wait
Rayhan25#0862,prime is just a cool gun to have
Rayhan25#0862,"it sounds cool and looks cool,"
Rayhan25#0862,Ight
Rayhan25#0862,Iâ€™m going to
Rayhan25#0862,coming out?
Rayhan25#0862,this is huge
Rayhan25#0862,
Rayhan25#0862,
Rayhan25#0862,
Rayhan25#0862,yo?
Rayhan25#0862,
Rayhan25#0862,
Rayhan25#0862,it was to see if he had the right person
Rayhan25#0862,okbuddy
Rayhan25#0862,whats dough?
Rayhan25#0862,whos nathan?
Rayhan25#0862,ew hriday
Rayhan25#0862,he thinks thats funi
Rayhan25#0862,i was trying to act like u
Rayhan25#0862,ya bre
Rayhan25#0862,ya bre im 15 bre
Rayhan25#0862,wtf? having nuts in your mouth is funny??
Rayhan25#0862,
Rayhan25#0862,so sus tho
Rayhan25#0862,the 5 ppl after that...:)
Rayhan25#0862,that was funny
Rayhan25#0862,ight im rdy
Rayhan25#0862,imma play a spike rush
Rayhan25#0862,ill wait as well
Rayhan25#0862,"tharun, we kinda need u"
Rayhan25#0862,for comp
Rayhan25#0862,LOL
Rayhan25#0862,:teehee:
Rayhan25#0862,shit my bad
Rayhan25#0862,i was fixing my crosshair
Rayhan25#0862,nice
Rayhan25#0862,not pogil mogil of madeline ewers
Rayhan25#0862,ok
Rayhan25#0862,I just woke up
Rayhan25#0862,I replied to the wrong message twice ðŸ˜†
Rayhan25#0862,thats broken
Rayhan25#0862,I was jk
Rayhan25#0862,LOL
Rayhan25#0862,thatâ€™s funny
Rayhan25#0862,:angy:
Rayhan25#0862,"sure, im down"
Rayhan25#0862,"then he'll do a $1,000 giveaway for 1,000 followers:)))"
Rayhan25#0862,nice
Rayhan25#0862,
Rayhan25#0862,lmao
Rayhan25#0862,ew/10
Rayhan25#0862,:teehee:
Rayhan25#0862,whatâ€™s a number?
Rayhan25#0862,Ik
Rayhan25#0862,oh ok
Rayhan25#0862,i canâ€™t read tho
Rayhan25#0862,ok but Iâ€™m trolling
Rayhan25#0862,oh ok ðŸ‘
Rayhan25#0862,ok
Rayhan25#0862,ðŸ˜‚ðŸ”¥
Rayhan25#0862,wait I didnâ€™t realize music
Rayhan25#0862,I have coding class soon
Rayhan25#0862,Iâ€™ll try to join after that
Rayhan25#0862,sheesh
Rayhan25#0862,mathematics
Rayhan25#0862,alr
Rayhan25#0862,ok LOL
Rayhan25#0862,sheeesh
Rayhan25#0862,thats nice
Rayhan25#0862,ya im godo
Rayhan25#0862,Garamberry
Rayhan25#0862,simp
Rayhan25#0862,
Rayhan25#0862,nathans just being nice :KEKW:
Rayhan25#0862,awkwardly and weirdly nice
Rayhan25#0862,wtf nathan
Rayhan25#0862,wtf man
Rayhan25#0862,alr cya
Rayhan25#0862,damn
Rayhan25#0862,
Rayhan25#0862,sad
Rayhan25#0862,sheesh
Rayhan25#0862,bye
Rayhan25#0862,heyhan
Rayhan25#0862,:teehee:
Rayhan25#0862,he said you can go under or over 30 seconds
Rayhan25#0862,oh i see
Rayhan25#0862,nice
Rayhan25#0862,grape job
Rayhan25#0862,
Rayhan25#0862,bruh
Rayhan25#0862,alr i got 5:40 but i stuttered at the end so imma record again tmrw
Rayhan25#0862,sad
Rayhan25#0862,same
Rayhan25#0862,astros
Rayhan25#0862,baseball
Rayhan25#0862,he meant world series
Rayhan25#0862,bruh
Rayhan25#0862,he doesnt even follow football LMAO
Rayhan25#0862,whats football?
Rayhan25#0862,whos shrey?
Rayhan25#0862,nice
Rayhan25#0862,what did you guys do
Rayhan25#0862,relax bruh its a joke bruh
Rayhan25#0862,ok bruh
Rayhan25#0862,:WeirdChamp:
Rayhan25#0862,LMAO
Rayhan25#0862,the pfp tho:)
Rayhan25#0862,ew shrey
Rayhan25#0862,ur down bad:)
Rayhan25#0862,no
Rayhan25#0862,i dont hit on cartoon girls
Rayhan25#0862,thats weird
Rayhan25#0862,use this https://morsecode.world/international/translator.html
Rayhan25#0862,alr
Rayhan25#0862,
Rayhan25#0862,wtf @Versailles
Rayhan25#0862,trino wtf is wrong with u
Rayhan25#0862,ur fkin disgusting trinidad
Rayhan25#0862,u guys are mad sus rn
Rayhan25#0862,like horny
Rayhan25#0862,fr
Rayhan25#0862,when did i say that?
Rayhan25#0862,good
Rayhan25#0862,ye ye
Rayhan25#0862,its a cartoon girl trinidad
Rayhan25#0862,i never said that
Rayhan25#0862,shut up u ape
Rayhan25#0862,ya im pretty mald rn
Rayhan25#0862,idc who it is
Rayhan25#0862,wha
Rayhan25#0862,"ok buddy trinidad, calm down"
Rayhan25#0862,hello
Rayhan25#0862,@Garmfellow @PackerRhino18 @fatpacito @rahul. thank you guys ðŸ˜˜
Rayhan25#0862,and @ekam:)
Rayhan25#0862,fr
Rayhan25#0862,uh it kinda looks bad
Rayhan25#0862,sus
Rayhan25#0862,LMAO
Rayhan25#0862,its cuz we got expensive keyboards
Rayhan25#0862,much better ones
Rayhan25#0862,why do u want a typewriter
Rayhan25#0862,https://www.amazon.com/CHARAN-Mechanical-Keyboard-Hot-Swappable-Backlit/dp/B08NK29FC2/ref=asc_df_B08NK29FC2/?tag=hyprod-20&linkCode=df0&hvadid=475795095347&hvpos=&hvnetw=g&hvrand=10080640700422937047&hvpone=&hvptwo=&hvqmt=&hvdev=c&hvdvcmdl=&hvlocint=&hvlocphy=9032006&hvtargid=pla-1157593188181&psc=1
Rayhan25#0862,get this if u like green
Rayhan25#0862,i was going to get this but didnt want 60% keyboard:)
Rayhan25#0862,
Rayhan25#0862,
Rayhan25#0862,damn
Rayhan25#0862,oh god
Rayhan25#0862,Iâ€™ll join in a bit
Rayhan25#0862,I accidentally joined from my phone for some reason
Rayhan25#0862,Iâ€™ll be back soon
Rayhan25#0862,5 mins
Rayhan25#0862,oh NIGHT MARKET
Rayhan25#0862,LOL
Rayhan25#0862,
Rayhan25#0862,nathan r. liu doing a lil trolling
Rayhan25#0862,he like vanilla ice cream
Rayhan25#0862,organic tho
Rayhan25#0862,from natures organic ice cream
Rayhan25#0862,its a joke buddy
Rayhan25#0862,no im ur mom:)
Rayhan25#0862,ok trinidad
Rayhan25#0862,sorry if that was offensive to u
Rayhan25#0862,sheesh
Rayhan25#0862,they put the bot on me
Rayhan25#0862,shut up hriday
Rayhan25#0862,hriday is one with the trinidad
Rayhan25#0862,u guys are weird
Rayhan25#0862,is this all u do trino?
Rayhan25#0862,k well its getting annoying
Rayhan25#0862,just assume random things and stuff
Rayhan25#0862,like why?
Rayhan25#0862,"no offense hriday, but tracy kinda wild for me"
Rayhan25#0862,ok buddy
Rayhan25#0862,ya just like this
Rayhan25#0862,u just say random stuff
Rayhan25#0862,?
Rayhan25#0862,garamfellow
Rayhan25#0862,garam masala
Rayhan25#0862,no
Rayhan25#0862,ik what ur gonna do
Rayhan25#0862,shrey alr did it:)
Rayhan25#0862,
Rayhan25#0862,just dont take it the dirty way
Rayhan25#0862,me
Rayhan25#0862,i sent
Rayhan25#0862,i have regular chem so she alr assigned it to our class
Rayhan25#0862,madeline ewers moment
Rayhan25#0862,cringe
Rayhan25#0862,illegal
Rayhan25#0862,wait hriday i wanna ask u this: fremont>tracy OR tracy>fremont (HINT: It's the first one)
Rayhan25#0862,akshat is god
Rayhan25#0862,
Rayhan25#0862,caught in 4k
Rayhan25#0862,damn
Rayhan25#0862,na hridays chill
Rayhan25#0862,???
Rayhan25#0862,@ThamThilly turn this bot off pls
Rayhan25#0862,thats such a shrey thing to do
Rayhan25#0862,hm
Rayhan25#0862,its time to mute
Rayhan25#0862,thanks
Rayhan25#0862,who was it then?
Rayhan25#0862,ok
Rayhan25#0862,my guess is nathan or trino
Rayhan25#0862,
Rayhan25#0862,but why
Rayhan25#0862,"u dont have too many perms, ya it cant be u"
Rayhan25#0862,its rayhan
Rayhan25#0862,tharun kicked the bot
Rayhan25#0862,no
Rayhan25#0862,i wouldn't know how to make one
Rayhan25#0862,was it arsh?
Rayhan25#0862,whar
Rayhan25#0862,what
Rayhan25#0862,he said it wasnt him
Rayhan25#0862,"sure, 1 min"
Rayhan25#0862,damn samih
Rayhan25#0862,why would i make abot for myself saying bad words???
Rayhan25#0862,fr
Rayhan25#0862,@pluto it was samih
Rayhan25#0862,rly?
Rayhan25#0862,thats opshat
Rayhan25#0862,how???
Rayhan25#0862,i dont have blinds like that
Rayhan25#0862,k nvm
Rayhan25#0862,idc that much to say its not me
Rayhan25#0862,ok nathan r liu
Rayhan25#0862,"ew no, ur a bot"
Rayhan25#0862,would never
Rayhan25#0862,ok well idk who u r
Rayhan25#0862,wild guess
Rayhan25#0862,"well in that case, ya nathans valid for we love pi"
Rayhan25#0862,yep
Rayhan25#0862,there are three heads
Rayhan25#0862,no
Rayhan25#0862,each team member contributes to pick team members
Rayhan25#0862,good luk nathan
Rayhan25#0862,ya nvm
Rayhan25#0862,nathan has android :peepoSad:
Rayhan25#0862,i have a laptop
Rayhan25#0862,not a pc
Rayhan25#0862,nathan is not indian
Rayhan25#0862,
Rayhan25#0862,
Rayhan25#0862,
Rayhan25#0862,
Rayhan25#0862,
Rayhan25#0862,
Rayhan25#0862,i done
Rayhan25#0862,idek how to create a bot
Rayhan25#0862,LMAO
Rayhan25#0862,YES
Rayhan25#0862,that would be cash money
Rayhan25#0862,as rahul would say
Rayhan25#0862,yay
Rayhan25#0862,if u ban me...
Rayhan25#0862,ik u wont
Rayhan25#0862,so nvm
Rayhan25#0862,
